{"type": "block", "layer": 0, "block": 230, "features": [{"geom": {"polygons": [[[[390.12293652814697, 650.2927195752854], [390.62292806158075, 650.2927195752854], [390.62292806158075, 649.7927258744603], [390.12293652814697, 649.7927258744603], [390.12293652814697, 650.2927195752854]]]], "centroids": [[390.3729322948493, 650.042722724902, 5.0]], "h": 5.0}, "mtl": {"idx": 0}}, {"geom": {"polygons": [[[[405.12268253191723, 650.2927195752854], [405.6226740653801, 650.2927195752854], [405.6226740653801, 649.7927258744603], [405.12268253191723, 649.7927258744603], [405.12268253191723, 650.2927195752854]]]], "centroids": [[405.3726782986778, 650.0427227248438, 5.0]], "h": 5.0}, "mtl": {"idx": 0}}, {"geom": {"polygons": [[[[-2111.8346969045524, 652.2926943787606], [-2110.8347138376266, 652.2926943787606], [-2110.8347138376266, 651.7927006779355], [-2109.334739237238, 651.7927006779355], [-2109.334739237238, 651.2927069770521], [-2108.834747703775, 651.2927069770521], [-2108.834747703775, 650.7927132761688], [-2108.334756170312, 650.7927132761688], [-2108.334756170312, 649.292732173577], [-2109.334739237238, 649.292732173577], [-2109.334739237238, 649.7927258744603], [-2110.8347138376266, 649.7927258744603], [-2110.8347138376266, 650.2927195752854], [-2111.3347053710895, 650.2927195752854], [-2111.3347053710895, 649.7927258744603], [-2111.8346969045524, 649.7927258744603], [-2111.8346969045524, 652.2926943787606]], [[-2111.3347053710895, 651.2927069770521], [-2111.3347053710895, 650.7927132761688], [-2110.8347138376266, 650.7927132761688], [-2110.8347138376266, 651.2927069770521], [-2111.3347053710895, 651.2927069770521]]]], "centroids": [[-2110.1587993571884, 650.7464175630594, 5.0]], "h": 5.0}, "mtl": {"idx": 0}}, {"geom": {"polygons": [[[[834.6154097738618, 657.7926250883029], [835.1154013073246, 657.7926250883029], [835.1154013073246, 657.2926313874195], [835.6153928407875, 657.2926313874195], [835.6153928407875, 656.292643985711], [835.1154013073246, 656.292643985711], [835.1154013073246, 655.2926565840025], [834.6154097738618, 655.2926565840025], [834.6154097738618, 653.7926754813525], [834.1154182403989, 653.7926754813525], [834.1154182403989, 653.2926817805273], [833.615426706936, 653.2926817805273], [833.615426706936, 652.792688079644], [834.1154182403989, 652.792688079644], [834.1154182403989, 652.2926943787606], [833.615426706936, 652.2926943787606], [833.615426706936, 651.7927006779355], [833.1154351735022, 651.7927006779355], [833.1154351735022, 651.2927069770521], [832.6154436400393, 651.2927069770521], [832.6154436400393, 650.2927195752854], [832.1154521065764, 650.2927195752854], [832.1154521065764, 649.292732173577], [831.6154605731135, 649.292732173577], [831.6154605731135, 649.7927258744603], [831.1154690396506, 649.7927258744603], [831.1154690396506, 650.7927132761688], [831.6154605731135, 650.7927132761688], [831.6154605731135, 651.2927069770521], [832.1154521065764, 651.2927069770521], [832.1154521065764, 653.2926817805273], [832.6154436400393, 653.2926817805273], [832.6154436400393, 654.2926691822358], [833.1154351735022, 654.2926691822358], [833.1154351735022, 654.7926628831192], [833.615426706936, 654.7926628831192], [833.615426706936, 656.292643985711], [834.1154182403989, 656.292643985711], [834.1154182403989, 656.7926376865944], [834.6154097738618, 656.7926376865944], [834.6154097738618, 657.7926250883029]]]], "centroids": [[833.4108847160824, 653.5994960970129, 5.0]], "h": 5.0}, "mtl": {"idx": 0}}, {"geom": {"polygons": [[[[-2299.3315219519427, 650.2927195752854], [-2298.331538885046, 650.2927195752854], [-2298.331538885046, 649.292732173577], [-2298.83153041848, 649.292732173577], [-2298.83153041848, 649.7927258744603], [-2299.3315219519427, 649.7927258744603], [-2299.3315219519427, 650.2927195752854]]]], "centroids": [[-2298.748198496236, 649.8760581578827, 5.0]], "h": 5.0}, "mtl": {"idx": 0}}, {"geom": {"polygons": [[[[-1990.8367458072898, 650.2927195752854], [-1989.836762740364, 650.2927195752854], [-1989.836762740364, 649.292732173577], [-1990.336754273827, 649.292732173577], [-1990.336754273827, 649.7927258744603], [-1990.8367458072898, 649.7927258744603], [-1990.8367458072898, 650.2927195752854]]]], "centroids": [[-1990.2534223515831, 649.8760581578827, 5.0]], "h": 5.0}, "mtl": {"idx": 0}}, {"geom": {"polygons": [[[[-1805.339886893693, 650.2927195752854], [-1804.3399038267962, 650.2927195752854], [-1804.3399038267962, 649.7927258744603], [-1804.83989536023, 649.7927258744603], [-1804.83989536023, 649.292732173577], [-1805.339886893693, 649.292732173577], [-1805.339886893693, 650.2927195752854]]]], "centroids": [[-1804.9232272824738, 649.8760581579409, 5.0]], "h": 5.0}, "mtl": {"idx": 0}}, {"geom": {"polygons": [[[[-656.3593430031615, 650.2927195752854], [-655.8593514696986, 650.2927195752854], [-655.8593514696986, 649.292732173577], [-656.3593430031615, 649.292732173577], [-656.3593430031615, 650.2927195752854]]]], "centroids": [[-656.1093472364009, 649.7927258743439, 5.0]], "h": 5.0}, "mtl": {"idx": 0}}, {"geom": {"polygons": [[[[320.6241133772419, 650.2927195752854], [321.12410491067567, 650.2927195752854], [321.12410491067567, 649.292732173577], [320.6241133772419, 649.292732173577], [320.6241133772419, 650.2927195752854]]]], "centroids": [[320.8741091439733, 649.7927258743439, 5.0]], "h": 5.0}, "mtl": {"idx": 0}}, {"geom": {"polygons": [[[[-431.3631529462582, 649.7927258744603], [-430.8631614127953, 649.7927258744603], [-430.8631614127953, 649.292732173577], [-431.3631529462582, 649.292732173577], [-431.3631529462582, 649.7927258744603]]]], "centroids": [[-431.11315717952675, 649.5427290239604, 5.0]], "h": 5.0}, "mtl": {"idx": 0}}, {"geom": {"polygons": [[[[-429.8631783458695, 649.7927258744603], [-429.36318681243574, 649.7927258744603], [-429.36318681243574, 649.292732173577], [-429.8631783458695, 649.292732173577], [-429.8631783458695, 649.7927258744603]]]], "centroids": [[-429.6131825791381, 649.5427290240186, 5.0]], "h": 5.0}, "mtl": {"idx": 0}}, {"geom": {"polygons": [[[[-426.8632291451213, 649.7927258744603], [-426.3632376116584, 649.7927258744603], [-426.3632376116584, 649.292732173577], [-426.8632291451213, 649.292732173577], [-426.8632291451213, 649.7927258744603]]]], "centroids": [[-426.61323337838985, 649.5427290239604, 5.0]], "h": 5.0}, "mtl": {"idx": 0}}, {"geom": {"polygons": [[[[-424.36327147783595, 649.7927258744603], [-423.86327994437306, 649.7927258744603], [-423.86327994437306, 649.292732173577], [-424.36327147783595, 649.292732173577], [-424.36327147783595, 649.7927258744603]]]], "centroids": [[-424.1132757111045, 649.5427290239604, 5.0]], "h": 5.0}, "mtl": {"idx": 0}}, {"geom": {"polygons": [[[[-423.3632884109102, 649.7927258744603], [-422.8632968774473, 649.7927258744603], [-422.8632968774473, 649.292732173577], [-423.3632884109102, 649.292732173577], [-423.3632884109102, 649.7927258744603]]]], "centroids": [[-423.11329264420783, 649.5427290239604, 5.0]], "h": 5.0}, "mtl": {"idx": 0}}, {"geom": {"polygons": [[[[-417.3633900093846, 649.7927258744603], [-416.8633984759217, 649.7927258744603], [-416.8633984759217, 649.292732173577], [-417.3633900093846, 649.292732173577], [-417.3633900093846, 649.7927258744603]]]], "centroids": [[-417.11339424265316, 649.5427290239604, 5.0]], "h": 5.0}, "mtl": {"idx": 0}}, {"geom": {"polygons": [[[[-414.86343234209926, 649.7927258744603], [-414.36344080863637, 649.7927258744603], [-414.36344080863637, 649.292732173577], [-414.86343234209926, 649.292732173577], [-414.86343234209926, 649.7927258744603]]]], "centroids": [[-414.6134365753678, 649.5427290239604, 5.0]], "h": 5.0}, "mtl": {"idx": 0}}, {"geom": {"polygons": [[[[-413.8634492751735, 649.7927258744603], [-413.3634577417106, 649.7927258744603], [-413.3634577417106, 649.292732173577], [-413.8634492751735, 649.292732173577], [-413.8634492751735, 649.7927258744603]]]], "centroids": [[-413.61345350844203, 649.5427290239604, 5.0]], "h": 5.0},