{"type": "block", "layer": 0, "block": 27, "features": [{"geom": {"polygons": [[[[137.1272205974965, 1349.2839133870439], [137.62721213095938, 1349.2839133870439], [137.62721213095938, 1348.7839196861605], [137.1272205974965, 1348.7839196861605], [137.1272205974965, 1349.2839133870439]]]], "centroids": [[137.37721636422793, 1349.0339165366022, 5.0]], "h": 5.0}, "mtl": {"idx": 0}}, {"geom": {"polygons": [[[[197.12620461266488, 1349.2839133870439], [197.62619614612777, 1349.2839133870439], [197.62619614612777, 1348.7839196861605], [197.12620461266488, 1348.7839196861605], [197.12620461266488, 1349.2839133870439]]]], "centroids": [[197.37620037939632, 1349.0339165366022, 5.0]], "h": 5.0}, "mtl": {"idx": 0}}, {"geom": {"polygons": [[[[-403.363627072511, 1354.2838503957028], [-402.8636355390481, 1354.2838503957028], [-402.8636355390481, 1353.7838566948194], [-400.86366940522566, 1353.7838566948194], [-400.86366940522566, 1353.2838629939943], [-400.3636778717628, 1353.2838629939943], [-400.3636778717628, 1352.783869293111], [-399.8636863382999, 1352.783869293111], [-399.8636863382999, 1352.2838755922276], [-399.363694804837, 1352.2838755922276], [-399.363694804837, 1351.283888190519], [-398.8637032713741, 1351.283888190519], [-398.8637032713741, 1350.2839007887524], [-399.363694804837, 1350.2839007887524], [-399.363694804837, 1349.2839133870439], [-399.8636863382999, 1349.2839133870439], [-399.8636863382999, 1348.7839196861605], [-400.3636778717628, 1348.7839196861605], [-400.3636778717628, 1348.2839259852772], [-401.86365247212234, 1348.2839259852772], [-401.86365247212234, 1348.7839196861605], [-403.8636186059739, 1348.7839196861605], [-403.8636186059739, 1349.2839133870439], [-404.3636101394368, 1349.2839133870439], [-404.3636101394368, 1349.7839070879272], [-404.8636016728997, 1349.7839070879272], [-404.8636016728997, 1350.7838944896357], [-405.36359320636257, 1350.7838944896357], [-405.36359320636257, 1351.7838818913442], [-404.8636016728997, 1351.7838818913442], [-404.8636016728997, 1352.2838755922276], [-404.3636101394368, 1352.2838755922276], [-404.3636101394368, 1353.2838629939943], [-403.8636186059739, 1353.2838629939943], [-403.8636186059739, 1353.7838566948194], [-403.363627072511, 1353.7838566948194], [-403.363627072511, 1354.2838503957028]]]], "centroids": [[-402.08480257348856, 1351.1204287113505, 5.0]], "h": 5.0}, "mtl": {"idx": 0}}, {"geom": {"polygons": [[[[-4824.2887659237895, 1348.7839196861605], [-4823.788774390327, 1348.7839196861605], [-4823.788774390327, 1348.2839259852772], [-4824.2887659237895, 1348.2839259852772], [-4824.2887659237895, 1348.7839196861605]]]], "centroids": [[-4824.038770157058, 1348.5339228356606, 5.0]], "h": 5.0}, "mtl": {"idx": 0}}, {"geom": {"polygons": [[[[-3689.3079849701026, 1348.7839196861605], [-3688.8079934366397, 1348.7839196861605], [-3688.8079934366397, 1348.2839259852772], [-3689.3079849701026, 1348.2839259852772], [-3689.3079849701026, 1348.7839196861605]]]], "centroids": [[-3689.057989203371, 1348.5339228356606, 5.0]], "h": 5.0}, "mtl": {"idx": 0}}, {"geom": {"polygons": [[[[-3687.808010369714, 1348.7839196861605], [-3687.308018836251, 1348.7839196861605], [-3687.308018836251, 1348.2839259852772], [-3687.808010369714, 1348.2839259852772], [-3687.808010369714, 1348.7839196861605]]]], "centroids": [[-3687.5580146029824, 1348.5339228356606, 5.0]], "h": 5.0}, "mtl": {"idx": 0}}, {"geom": {"polygons": [[[[91.1279995192017, 1348.7839196861605], [92.12798258612747, 1348.7839196861605], [92.12798258612747, 1348.2839259852772], [91.1279995192017, 1348.2839259852772], [91.1279995192017, 1348.7839196861605]]]], "centroids": [[91.62799105269369, 1348.5339228356606, 5.0]], "h": 5.0}, "mtl": {"idx": 0}}, {"geom": {"polygons": [[[[-3686.3080357693543, 1349.7839070879272], [-3685.3080527024285, 1349.7839070879272], [-3685.3080527024285, 1347.783932284452], [-3685.8080442358914, 1347.783932284452], [-3685.8080442358914, 1348.7839196861605], [-3686.3080357693543, 1348.7839196861605], [-3686.3080357693543, 1349.7839070879272]]]], "centroids": [[-3685.7247123136476, 1348.9505842530634, 5.0]], "h": 5.0}, "mtl": {"idx": 0}}, {"geom": {"polygons": [[[[94.12794871994993, 1349.7839070879272], [94.62794025341282, 1349.7839070879272], [94.62794025341282, 1349.2839133870439], [95.1279317868757, 1349.2839133870439], [95.1279317868757, 1347.783932284452], [94.62794025341282, 1347.783932284452], [94.62794025341282, 1348.7839196861605], [94.12794871994993, 1348.7839196861605], [94.12794871994993, 1349.7839070879272]]]], "centroids": [[94.67793940674164, 1348.8339190562838, 5.0]], "h": 5.0}, "mtl": {"idx": 0}}, {"geom": {"polygons": [[[[-3709.3076463085017, 1349.2839133870439], [-3708.307663241576, 1349.2839133870439], [-3708.307663241576, 1348.7839196861605], [-3707.807671708113, 1348.7839196861605], [-3707.807671708113, 1347.783932284452], [-3708.307663241576, 1347.783932284452], [-3708.307663241576, 1348.2839259852772], [-3708.807654775039, 1348.2839259852772], [-3708.807654775039, 1348.7839196861605], [-3709.3076463085017, 1348.7839196861605], [-3709.3076463085017, 1349.2839133870439]]]], "centroids": [[-3708.4576607016206, 1348.633921575849, 5.0]], "h": 5.0}, "mtl": {"idx": 0}}, {"geom": {"polygons": [[[[-3686.808027302817, 1348.7839196861605], [-3686.3080357693543, 1348.7839196861605], [-3686.3080357693543, 1347.783932284452], [-3686.808027302817, 1347.783932284452], [-3686.808027302817, 1348.7839196861605]]]], "centroids": [[-3686.5580315360858, 1348.2839259852772, 5.0]], "h": 5.0}, "mtl": {"idx": 0}}, {"geom": {"polygons": [[[[-41.869748381112004, 1348.7839196861605], [-41.369756847649114, 1348.7839196861605], [-41.369756847649114, 1347.783932284452], [-41.869748381112004, 1347.783932284452], [-41.869748381112004, 1348.7839196861605]]]], "centroids": [[-41.61975261438056, 1348.2839259852772, 5.0]], "h": 5.0}, "mtl": {"idx": 0}}, {"geom": {"polygons": [[[[93.12796565302415, 1349.7839070879272], [93.62795718648704, 1349.7839070879272], [93.62795718648704, 1348.7839196861605], [94.12794871994993, 1348.7839196861605], [94.12794871994993, 1348.2839259852772], [93.62795718648704, 1348.2839259852772], [93.62795718648704, 1347.783932284452], [93.12796565302415, 1347.783932284452], [93.12796565302415, 1348.2839259852772], [92.62797411956126, 1348.2839259852772], [92.62797411956126, 1348.7839196861605], [93.12796565302415, 1348.7839196861605], [93.12796565302415, 1349.7839070879272]]]], "centroids": [[93.3779614197556, 1348.7005874027382, 5.0]], "h": 5.0}, "mtl": {"idx": 0}}, {"geom": {"polygons": [[[[-3684.8080611689657, 1348.2839259852772], [-3684.3080696355028, 1348.2839259852772], [-3684.3080696355028, 1347.783932284452], [-3684.8080611689657, 1347.783932284452], [-3684.8080611689657, 1348.2839259852772]]]], "centroids": [[-3684.558065402234, 1348.0339291348937, 5.0]], "h": 5.0}, "mtl": {"idx": 0}}, {"geom": {"polygons": [[[[-144.36801274036407, 1348.2839259852772], [-143.86802120690118, 1348.2839259852772], [-143.86802120690118, 1347.783932284452], [-144.36801274036407, 1347.783932284452], [-144.36801274036407, 1348.2839259852772]]]], "centroids": [[-144.11801697363262, 1348.0339291348937, 5.0]], "h": 5.0}, "mtl": {"idx": 0}}, {"geom": {"polygons": [[[[90.6280079857388, 1348.2839259852772], [91.1279995192017, 1348.2839259852772], [91.1279995192017, 1347.783932284452], [90.6280079857388, 1347.783932284452], [90.6280079857388, 1348.2839259852772]]]], "centroids": [[90.87800375247025, 1348.0339291348937, 5.0]], "h": 5.0}, "mtl": {"idx": 0}}, {"geom": {"polygons": [[[[-3707.807671708113, 1347.783932284452], [-3707.30768017465, 1347.783932284452], [-3707.30768017465, 1347.2839385835687], [-3707.807671708113, 1347.2839385835687], [-3707.807671708113, 1347.783932284452]]]], "centroids": [[-3707.5576759414107, 1347.5339354340686, 5.0]], "h": 5.0},