{"type": "block", "layer": 0, "block": 397, "features": [{"geom": {"polygons": [[[[1226.1087804728595, 90.29977460455848], [1226.6087720063224, 90.29977460455848], [1226.6087720063224, 88.29979980108328], [1226.1087804728595, 88.29979980108328], [1226.1087804728595, 87.29981239931658], [1226.6087720063224, 87.29981239931658], [1226.6087720063224, 85.29983759584138], [1225.6087889393966, 85.29983759584138], [1225.6087889393966, 84.29985019413289], [1225.1087974059337, 84.29985019413289], [1225.1087974059337, 84.79984389501624], [1222.6088397386484, 84.79984389501624], [1222.6088397386484, 85.29983759584138], [1220.6088736047968, 85.29983759584138], [1220.6088736047968, 84.79984389501624], [1220.108882071334, 84.79984389501624], [1220.108882071334, 86.29982499760808], [1220.6088736047968, 86.29982499760808], [1220.6088736047968, 86.79981869849144], [1220.108882071334, 86.79981869849144], [1220.108882071334, 87.29981239931658], [1220.6088736047968, 87.29981239931658], [1220.6088736047968, 87.79980610019993], [1220.108882071334, 87.79980610019993], [1220.108882071334, 88.79979350190843], [1224.108814339037, 88.79979350190843], [1224.108814339037, 89.29978720279178], [1225.1087974059337, 89.29978720279178], [1225.1087974059337, 89.79978090367513], [1226.1087804728595, 89.79978090367513], [1226.1087804728595, 90.29977460455848]], [[1223.1088312721113, 88.29979980108328], [1223.1088312721113, 87.79980610019993], [1223.6088228055742, 87.79980610019993], [1223.6088228055742, 87.29981239931658], [1222.1088482051855, 87.29981239931658], [1222.1088482051855, 86.79981869849144], [1222.6088397386484, 86.79981869849144], [1222.6088397386484, 86.29982499760808], [1224.108814339037, 86.29982499760808], [1224.108814339037, 85.79983129672473], [1224.6088058725, 85.79983129672473], [1224.6088058725, 86.29982499760808], [1226.1087804728595, 86.29982499760808], [1226.1087804728595, 87.29981239931658], [1225.6087889393966, 87.29981239931658], [1225.6087889393966, 87.79980610019993], [1224.6088058725, 87.79980610019993], [1224.6088058725, 88.29979980108328], [1223.1088312721113, 88.29979980108328]]]], "centroids": [[1223.4020361837465, 87.07450659602182, 5.0]], "h": 5.0}, "mtl": {"idx": 0}}, {"geom": {"polygons": [[[[194.62624694537953, 85.29983759584138], [195.6262300122762, 85.29983759584138], [195.6262300122762, 84.29985019413289], [195.12623847881332, 84.29985019413289], [195.12623847881332, 84.79984389501624], [194.62624694537953, 84.79984389501624], [194.62624694537953, 85.29983759584138]]]], "centroids": [[195.20957040105714, 84.88317617843859, 5.0]], "h": 5.0}, "mtl": {"idx": 0}}, {"geom": {"polygons": [[[[695.1177719385887, 85.29983759584138], [695.6177634720516, 85.29983759584138], [695.6177634720516, 84.29985019413289], [695.1177719385887, 84.29985019413289], [695.1177719385887, 85.29983759584138]]]], "centroids": [[695.3677677053201, 84.79984389501624, 5.0]], "h": 5.0}, "mtl": {"idx": 0}}, {"geom": {"polygons": [[[[1176.6096186603536, 85.79983129672473], [1178.1095932607423, 85.79983129672473], [1178.1095932607423, 85.29983759584138], [1177.6096017272794, 85.29983759584138], [1177.6096017272794, 84.79984389501624], [1177.1096101938165, 84.79984389501624], [1177.1096101938165, 84.29985019413289], [1176.1096271268907, 84.29985019413289], [1176.1096271268907, 85.29983759584138], [1176.6096186603536, 85.29983759584138], [1176.6096186603536, 85.79983129672473]]]], "centroids": [[1176.9846123104508, 85.11233995802468, 5.0]], "h": 5.0}, "mtl": {"idx": 0}}, {"geom": {"polygons": [[[[1736.6001361352974, 85.29983759584138], [1737.1001276687603, 85.29983759584138], [1737.1001276687603, 84.29985019413289], [1736.6001361352974, 84.29985019413289], [1736.6001361352974, 85.29983759584138]]]], "centroids": [[1736.8501319020288, 84.79984389501624, 5.0]], "h": 5.0}, "mtl": {"idx": 0}}, {"geom": {"polygons": [[[[-2555.8271786168043, 84.79984389501624], [-2555.3271870833414, 84.79984389501624], [-2555.3271870833414, 84.29985019413289], [-2555.8271786168043, 84.29985019413289], [-2555.8271786168043, 84.79984389501624]]]], "centroids": [[-2555.577182850073, 84.54984704457456, 5.0]], "h": 5.0}, "mtl": {"idx": 0}}, {"geom": {"polygons": [[[[-553.3610871104465, 84.79984389501624], [-552.8610955769836, 84.79984389501624], [-552.8610955769836, 84.29985019413289], [-553.3610871104465, 84.29985019413289], [-553.3610871104465, 84.79984389501624]]]], "centroids": [[-553.1110913437151, 84.54984704457456, 5.0]], "h": 5.0}, "mtl": {"idx": 0}}, {"geom": {"polygons": [[[[141.1271528651705, 84.79984389501624], [141.6271443986334, 84.79984389501624], [141.6271443986334, 84.29985019413289], [141.1271528651705, 84.29985019413289], [141.1271528651705, 84.79984389501624]]]], "centroids": [[141.37714863193105, 84.54984704457456, 5.0]], "h": 5.0}, "mtl": {"idx": 0}}, {"geom": {"polygons": [[[[1226.1087804728595, 84.79984389501624], [1226.6087720063224, 84.79984389501624], [1226.6087720063224, 84.29985019413289], [1226.1087804728595, 84.29985019413289], [1226.1087804728595, 84.79984389501624]]]], "centroids": [[1226.35877623962, 84.54984704457456, 5.0]], "h": 5.0}, "mtl": {"idx": 0}}, {"geom": {"polygons": [[[[-2554.8271955499076, 85.29983759584138], [-2554.3272040164447, 85.29983759584138], [-2554.3272040164447, 83.79985649324954], [-2554.8271955499076, 83.79985649324954], [-2554.8271955499076, 85.29983759584138]]]], "centroids": [[-2554.577199783176, 84.54984704451635, 5.0]], "h": 5.0}, "mtl": {"idx": 0}}, {"geom": {"polygons": [[[[200.626145346876, 85.79983129672473], [201.1261368803389, 85.79983129672473], [201.1261368803389, 84.29985019413289], [200.1261538134131, 84.29985019413289], [200.1261538134131, 83.79985649324954], [199.62616227995022, 83.79985649324954], [199.62616227995022, 84.79984389501624], [200.1261538134131, 84.79984389501624], [200.1261538134131, 85.29983759584138], [200.626145346876, 85.29983759584138], [200.626145346876, 85.79983129672473]]]], "centroids": [[200.44757694206783, 84.76413005928043, 5.0]], "h": 5.0}, "mtl": {"idx": 0}}, {"geom": {"polygons": [[[[310.6242827080423, 84.79984389501624], [311.1242742415052, 84.79984389501624], [311.1242742415052, 83.79985649324954], [310.6242827080423, 83.79985649324954], [310.6242827080423, 84.79984389501624]]]], "centroids": [[310.87427847477375, 84.29985019413289, 5.0]], "h": 5.0}, "mtl": {"idx": 0}}, {"geom": {"polygons": [[[[142.12713593209628, 84.29985019413289], [142.62712746555917, 84.29985019413289], [142.62712746555917, 83.79985649324954], [142.12713593209628, 83.79985649324954], [142.12713593209628, 84.29985019413289]]]], "centroids": [[142.37713169882772, 84.04985334374942, 5.0]], "h": 5.0}, "mtl": {"idx": 0}}, {"geom": {"polygons": [[[[194.62624694537953, 84.29985019413289], [195.12623847881332, 84.29985019413289], [195.12623847881332, 83.79985649324954], [194.62624694537953, 83.79985649324954], [194.62624694537953, 84.29985019413289]]]], "centroids": [[194.87624271208188, 84.04985334369121, 5.0]], "h": 5.0}, "mtl": {"idx": 0}}, {"geom": {"polygons": [[[[1219.6088905379002, 84.29985019413289], [1220.6088736047968, 84.29985019413289], [1220.6088736047968, 83.79985649324954], [1220.108882071334, 83.79985649324954], [1220.108882071334, 83.29986279242439], [1219.6088905379002, 83.29986279242439], [1219.6088905379002, 84.29985019413289]]]], "centroids": [[1220.0255501490901, 83.8831887767883, 5.0]], "h": 5.0}, "mtl": {"idx": 0}}, {"geom": {"polygons": [[[[-540.8612987739616, 83.79985649324954], [-540.3613072404987, 83.79985649324954], [-540.3613072404987, 83.29986279242439], [-540.8612987739616, 83.29986279242439], [-540.8612987739616, 83.79985649324954]]]], "centroids": [[-540.6113030072302, 83.54985964274965, 5.0]], "h": 5.0}, "mtl": {"idx": 0}}, {"geom": {"polygons": [[[[181.62646707540262, 83.79985649324954], [182.1264586088655, 83.79985649324954], [182.1264586088655, 83.29986279242439], [181.62646707540262, 83.29986279242439], [181.62646707540262, 83.79985649324954]]]],