{"type": "block", "layer": 0, "block": 509, "features": [{"geom": {"polygons": [[[[1880.0977062382444, -530.1924081711331], [1880.5976977717073, -530.1924081711331], [1880.5976977717073, -530.6924018719583], [1880.0977062382444, -530.6924018719583], [1880.0977062382444, -530.1924081711331]]]], "centroids": [[1880.3477020049759, -530.4424050215748, 5.0]], "h": 5.0}, "mtl": {"idx": 0}}, {"geom": {"polygons": [[[[658.1183984625677, -530.1924081711331], [658.6183899960306, -530.1924081711331], [658.6183899960306, -531.1923955728416], [658.1183984625677, -531.1923955728416], [658.1183984625677, -530.1924081711331]]]], "centroids": [[658.36839422927, -530.6924018719583, 5.0]], "h": 5.0}, "mtl": {"idx": 0}}, {"geom": {"polygons": [[[[905.1142159916926, -526.1924585641827], [905.6142075251555, -526.1924585641827], [905.6142075251555, -526.6924522650661], [906.6141905920813, -526.6924522650661], [906.6141905920813, -527.6924396667746], [905.6142075251555, -527.6924396667746], [905.6142075251555, -528.1924333676579], [906.1141990586184, -528.1924333676579], [906.1141990586184, -529.1924207693664], [905.6142075251555, -529.1924207693664], [905.6142075251555, -530.6924018719583], [905.1142159916926, -530.6924018719583], [905.1142159916926, -530.1924081711331], [904.6142244582297, -530.1924081711331], [904.6142244582297, -530.6924018719583], [902.6142583244073, -530.6924018719583], [902.6142583244073, -531.1923955728416], [901.6142752574815, -531.1923955728416], [901.6142752574815, -530.6924018719583], [901.1142837240186, -530.6924018719583], [901.1142837240186, -530.1924081711331], [903.614241391304, -530.1924081711331], [903.614241391304, -529.6924144702498], [901.1142837240186, -529.6924144702498], [901.1142837240186, -529.1924207693664], [901.6142752574815, -529.1924207693664], [901.6142752574815, -528.6924270685413], [904.1142329247668, -528.6924270685413], [904.1142329247668, -528.1924333676579], [904.6142244582297, -528.1924333676579], [904.6142244582297, -526.6924522650661], [905.1142159916926, -526.6924522650661], [905.1142159916926, -526.1924585641827]]]], "centroids": [[904.1301901013649, -529.0275292299339, 5.0]], "h": 5.0}, "mtl": {"idx": 0}}, {"geom": {"polygons": [[[[14.629294899845263, -530.6924018719583], [15.629277966771042, -530.6924018719583], [15.629277966771042, -531.1923955728416], [14.629294899845263, -531.1923955728416], [14.629294899845263, -530.6924018719583]]]], "centroids": [[15.129286433308152, -530.9423987223417, 5.0]], "h": 5.0}, "mtl": {"idx": 0}}, {"geom": {"polygons": [[[[287.124680635432, -530.6924018719583], [287.6246721688949, -530.6924018719583], [287.6246721688949, -531.1923955728416], [287.124680635432, -531.1923955728416], [287.124680635432, -530.6924018719583]]]], "centroids": [[287.37467640216346, -530.9423987223417, 5.0]], "h": 5.0}, "mtl": {"idx": 0}}, {"geom": {"polygons": [[[[1881.597680838633, -530.6924018719583], [1882.0976723720669, -530.6924018719583], [1882.0976723720669, -531.1923955728416], [1881.597680838633, -531.1923955728416], [1881.597680838633, -530.6924018719583]]]], "centroids": [[1881.8476766053354, -530.9423987223417, 5.0]], "h": 5.0}, "mtl": {"idx": 0}}, {"geom": {"polygons": [[[[-431.3631529462582, -530.6924018719583], [-430.3631698793324, -530.6924018719583], [-430.3631698793324, -531.1923955728416], [-430.8631614127953, -531.1923955728416], [-430.8631614127953, -531.692389273725], [-431.3631529462582, -531.692389273725], [-431.3631529462582, -530.6924018719583]]]], "centroids": [[-430.9464933350391, -531.1090632893611, 5.0]], "h": 5.0}, "mtl": {"idx": 0}}, {"geom": {"polygons": [[[[-19.87012090886128, -531.1923955728416], [-19.370129375427496, -531.1923955728416], [-19.370129375427496, -531.692389273725], [-19.87012090886128, -531.692389273725], [-19.87012090886128, -531.1923955728416]]]], "centroids": [[-19.62012514215894, -531.4423924232833, 5.0]], "h": 5.0}, "mtl": {"idx": 0}}, {"geom": {"polygons": [[[[346.6236731171375, -531.1923955728416], [347.1236646506004, -531.1923955728416], [347.1236646506004, -531.692389273725], [346.6236731171375, -531.692389273725], [346.6236731171375, -531.1923955728416]]]], "centroids": [[346.87366888383985, -531.4423924232833, 5.0]], "h": 5.0}, "mtl": {"idx": 0}}, {"geom": {"polygons": [[[[351.1235969182744, -531.1923955728416], [351.6235884517373, -531.1923955728416], [351.6235884517373, -531.692389273725], [351.1235969182744, -531.692389273725], [351.1235969182744, -531.1923955728416]]]], "centroids": [[351.37359268500586, -531.4423924232833, 5.0]], "h": 5.0}, "mtl": {"idx": 0}}, {"geom": {"polygons": [[[[392.1229026619694, -531.1923955728416], [392.6228941954323, -531.1923955728416], [392.6228941954323, -531.692389273725], [392.1229026619694, -531.692389273725], [392.1229026619694, -531.1923955728416]]]], "centroids": [[392.37289842870086, -531.4423924232833, 5.0]], "h": 5.0}, "mtl": {"idx": 0}}, {"geom": {"polygons": [[[[-3041.318957606243, -531.692389273725], [-3040.8189660727803, -531.692389273725], [-3040.8189660727803, -532.1923829746083], [-3041.318957606243, -532.1923829746083], [-3041.318957606243, -531.692389273725]]]], "centroids": [[-3041.0689618395118, -531.9423861242249, 5.0]], "h": 5.0}, "mtl": {"idx": 0}}, {"geom": {"polygons": [[[[-3036.8190338051063, -531.692389273725], [-3036.3190422716434, -531.692389273725], [-3036.3190422716434, -532.1923829746083], [-3036.8190338051063, -532.1923829746083], [-3036.8190338051063, -531.692389273725]]]], "centroids": [[-3036.569038038375, -531.9423861242249, 5.0]], "h": 5.0}, "mtl": {"idx": 0}}, {"geom": {"polygons": [[[[-2180.3335369885317, -531.692389273725], [-2179.833545455069, -531.692389273725], [-2179.833545455069, -532.1923829746083], [-2180.3335369885317, -532.1923829746083], [-2180.3335369885317, -531.692389273725]]]], "centroids": [[-2180.0835412218003, -531.9423861242249, 5.0]], "h": 5.0}, "mtl": {"idx": 0}}, {"geom": {"polygons": [[[[-408.3635424071108, -531.692389273725], [-405.36359320636257, -531.692389273725], [-405.36359320636257, -532.1923829746083], [-408.3635424071108, -532.1923829746083], [-408.3635424071108, -531.692389273725]]]], "centroids": [[-406.863567806693, -531.9423861241667, 5.0]], "h": 5.0}, "mtl": {"idx": 0}}, {"geom": {"polygons": [[[[-26.37001084384974, -531.1923955728416], [-25.370027776923962, -531.1923955728416], [-25.370027776923962, -531.692389273725], [-25.87001931038685, -531.692389273725], [-25.87001931038685, -532.1923829746083], [-26.87000237731263, -532.1923829746083], [-26.87000237731263, -531.692389273725], [-26.37001084384974, -531.692389273725], [-26.37001084384974, -531.1923955728416]]]], "centroids": [[-26.120015077118296, -531.692389273725, 5.0]], "h": 5.0}, "mtl": {"idx": 0}}, {"geom": {"polygons": [[[[-21.37009550924995, -531.692389273725], [-20.87010397578706, -531.692389273725], [-20.87010397578706, -532.1923829746083], [-21.37009550924995, -532.1923829746083], [-21.37009550924995, -531.692389273725]]]], "centroids": [[-21.1200997424894, -531.9423861242249, 5.0]], "h": 5.0}, "mtl": {"idx": 0}}, {"geom": {"polygons": [[[[390.62292806158075, -531.692389273725], [392.1229026619694, -531.692389273725], [392.1229026619694, -532.1923829746083], [390.62292806158075, -532.1923829746083], [390.62292806158075, -531.692389273725]]]], "centroids": [[391.3729153617751, -531.9423861241667, 5.0]], "h": 5.0},