{"type": "block", "layer": 0, "block": 93, "features": [{"geom": {"polygons": [[[[-1552.8441624965053, 1071.7874094059807], [-1552.3441709630715, 1071.7874094059807], [-1552.3441709630715, 1071.2874157050974], [-1550.8441963626829, 1071.2874157050974], [-1550.8441963626829, 1070.2874283033889], [-1551.8441794296086, 1070.2874283033889], [-1551.8441794296086, 1069.7874346025055], [-1552.3441709630715, 1069.7874346025055], [-1552.3441709630715, 1068.787447200797], [-1551.8441794296086, 1068.787447200797], [-1551.8441794296086, 1067.7874597990303], [-1552.3441709630715, 1067.7874597990303], [-1552.3441709630715, 1068.2874534999137], [-1552.8441624965053, 1068.2874534999137], [-1552.8441624965053, 1067.2874660982052], [-1553.3441540299682, 1067.2874660982052], [-1553.3441540299682, 1069.2874409016804], [-1553.844145563431, 1069.2874409016804], [-1553.844145563431, 1070.7874220042722], [-1553.3441540299682, 1070.7874220042722], [-1553.3441540299682, 1071.2874157050974], [-1552.8441624965053, 1071.2874157050974], [-1552.8441624965053, 1071.7874094059807]]]], "centroids": [[-1552.5756485248858, 1069.852248600626, 5.0]], "h": 5.0}, "mtl": {"idx": 0}}, {"geom": {"polygons": [[[[-1423.3463553304318, 1069.2874409016804], [-1422.846363796969, 1069.2874409016804], [-1422.846363796969, 1068.787447200797], [-1422.346372263506, 1068.787447200797], [-1422.346372263506, 1068.2874534999137], [-1421.3463891966094, 1068.2874534999137], [-1421.3463891966094, 1067.7874597990303], [-1420.8463976631465, 1067.7874597990303], [-1420.8463976631465, 1067.2874660982052], [-1422.846363796969, 1067.2874660982052], [-1422.846363796969, 1067.7874597990303], [-1423.3463553304318, 1067.7874597990303], [-1423.3463553304318, 1069.2874409016804]]]], "centroids": [[-1422.323645375669, 1068.0374566495302, 5.0]], "h": 5.0}, "mtl": {"idx": 0}}, {"geom": {"polygons": [[[[-27.86998544423841, 1069.7874346025055], [-26.87000237731263, 1069.7874346025055], [-26.87000237731263, 1069.2874409016804], [-27.36999391077552, 1069.2874409016804], [-27.36999391077552, 1067.2874660982052], [-27.86998544423841, 1067.2874660982052], [-27.86998544423841, 1067.7874597990303], [-28.3699769777013, 1067.7874597990303], [-28.3699769777013, 1068.2874534999137], [-27.86998544423841, 1068.2874534999137], [-27.86998544423841, 1069.7874346025055]]]], "centroids": [[-27.619989677506965, 1068.6088780219434, 5.0]], "h": 5.0}, "mtl": {"idx": 0}}, {"geom": {"polygons": [[[[-3506.31108372382, 1067.7874597990303], [-3505.811092190357, 1067.7874597990303], [-3505.811092190357, 1067.2874660982052], [-3506.31108372382, 1067.2874660982052], [-3506.31108372382, 1067.7874597990303]]]], "centroids": [[-3506.0610879570595, 1067.5374629486469, 5.0]], "h": 5.0}, "mtl": {"idx": 0}}, {"geom": {"polygons": [[[[-1955.8373384650913, 1067.7874597990303], [-1955.3373469316284, 1067.7874597990303], [-1955.3373469316284, 1067.2874660982052], [-1955.8373384650913, 1067.2874660982052], [-1955.8373384650913, 1067.7874597990303]]]], "centroids": [[-1955.5873426983599, 1067.5374629486469, 5.0]], "h": 5.0}, "mtl": {"idx": 0}}, {"geom": {"polygons": [[[[-1739.8409960104618, 1067.7874597990303], [-1739.341004476999, 1067.7874597990303], [-1739.341004476999, 1067.2874660982052], [-1739.8409960104618, 1067.2874660982052], [-1739.8409960104618, 1067.7874597990303]]]], "centroids": [[-1739.5910002437595, 1067.5374629486469, 5.0]], "h": 5.0}, "mtl": {"idx": 0}}, {"geom": {"polygons": [[[[-1593.8434682402294, 1067.7874597990303], [-1593.3434767067665, 1067.7874597990303], [-1593.3434767067665, 1067.2874660982052], [-1593.8434682402294, 1067.2874660982052], [-1593.8434682402294, 1067.7874597990303]]]], "centroids": [[-1593.593472473527, 1067.5374629486469, 5.0]], "h": 5.0}, "mtl": {"idx": 0}}, {"geom": {"polygons": [[[[-1574.3437984352931, 1067.7874597990303], [-1573.8438069018302, 1067.7874597990303], [-1573.8438069018302, 1067.2874660982052], [-1574.3437984352931, 1067.2874660982052], [-1574.3437984352931, 1067.7874597990303]]]], "centroids": [[-1574.0938026685908, 1067.5374629486469, 5.0]], "h": 5.0}, "mtl": {"idx": 0}}, {"geom": {"polygons": [[[[-848.8560833851807, 1067.7874597990303], [-848.3560918517178, 1067.7874597990303], [-848.3560918517178, 1067.2874660982052], [-848.8560833851807, 1067.2874660982052], [-848.8560833851807, 1067.7874597990303]]]], "centroids": [[-848.6060876184783, 1067.5374629486469, 5.0]], "h": 5.0}, "mtl": {"idx": 0}}, {"geom": {"polygons": [[[[97.12789792069816, 1067.7874597990303], [97.62788945416105, 1067.7874597990303], [97.62788945416105, 1067.2874660982052], [97.12789792069816, 1067.2874660982052], [97.12789792069816, 1067.7874597990303]]]], "centroids": [[97.3778936874296, 1067.5374629486469, 5.0]], "h": 5.0}, "mtl": {"idx": 0}}, {"geom": {"polygons": [[[[396.12283492964343, 1067.7874597990303], [396.6228264631063, 1067.7874597990303], [396.6228264631063, 1067.2874660982052], [396.12283492964343, 1067.2874660982052], [396.12283492964343, 1067.7874597990303]]]], "centroids": [[396.3728306963749, 1067.5374629486469, 5.0]], "h": 5.0}, "mtl": {"idx": 0}}, {"geom": {"polygons": [[[[-1717.8413685382402, 1068.2874534999137], [-1716.8413854713144, 1068.2874534999137], [-1716.8413854713144, 1067.2874660982052], [-1717.3413770047773, 1067.2874660982052], [-1717.3413770047773, 1066.7874723973218], [-1717.8413685382402, 1066.7874723973218], [-1717.8413685382402, 1067.2874660982052], [-1718.341360071703, 1067.2874660982052], [-1718.341360071703, 1067.7874597990303], [-1717.8413685382402, 1067.7874597990303], [-1717.8413685382402, 1068.2874534999137]]]], "centroids": [[-1717.508040849265, 1067.6207952320692, 5.0]], "h": 5.0}, "mtl": {"idx": 0}}, {"geom": {"polygons": [[[[-3406.3127770318824, 1067.2874660982052], [-3405.8127854984195, 1067.2874660982052], [-3405.8127854984195, 1066.7874723973218], [-3406.3127770318824, 1066.7874723973218], [-3406.3127770318824, 1067.2874660982052]]]], "centroids": [[-3406.062781265151, 1067.0374692477053, 5.0]], "h": 5.0}, "mtl": {"idx": 0}}, {"geom": {"polygons": [[[[-1945.8375077958917, 1067.2874660982052], [-1945.3375162624288, 1067.2874660982052], [-1945.3375162624288, 1066.7874723973218], [-1945.8375077958917, 1066.7874723973218], [-1945.8375077958917, 1067.2874660982052]]]], "centroids": [[-1945.5875120291603, 1067.0374692477053, 5.0]], "h": 5.0}, "mtl": {"idx": 0}}, {"geom": {"polygons": [[[[-1715.8414024044177, 1067.2874660982052], [-1715.3414108709549, 1067.2874660982052], [-1715.3414108709549, 1066.7874723973218], [-1715.8414024044177, 1066.7874723973218], [-1715.8414024044177, 1067.2874660982052]]]], "centroids": [[-1715.5914066376863, 1067.0374692477053, 5.0]], "h": 5.0}, "mtl": {"idx": 0}}, {"geom": {"polygons": [[[[-1686.341901930282, 1067.2874660982052], [-1685.841910396819, 1067.2874660982052], [-1685.841910396819, 1066.7874723973218], [-1686.341901930282, 1066.7874723973218], [-1686.341901930282, 1067.2874660982052]]]], "centroids": [[-1686.0919061635796, 1067.0374692477053, 5.0]], "h": 5.0}, "mtl": {"idx": 0}}, {"geom": {"polygons": [[[[-1444.8459912692197, 1067.2874660982052], [-1444.3459997357568, 1067.2874660982052], [-1444.3459997357568, 1066.7874723973218], [-1444.8459912692197, 1066.7874723973218], [-1444.8459912692197, 1067.2874660982052]]]], "centroids": [[-1444.5959955024882, 1067.0374692477053, 5.0]], "h": 5.0}, "mtl": {"idx": 0}}, {"geom": {"polygons": [[[[-1443.846008202294, 1067.2874660982052], [-1443.346016668831, 1067.2874660982052], [-1443.346016668831, 1066.7874723973218], [-1443.846008202294, 1066.7874723973218], [-1443.846008202294, 1067.2874660982052]]]], "centroids": [[-1443.5960124355915, 1067.0374692477053, 5.0]], "h": 5.0}, "mtl": {"idx": 0}}, {"geom": {"polygons": [[[[-1420.8463976631465, 1067.2874660982052], [-1419.8464145962207, 1067.2874660982052], [-1419.8464145962207, 1066.7874723973218], [-1420.8463976631465, 1066.7874723973218], [-1420.8463976631465, 1067.2874660982052]]]], "centroids": [[-1420.3464061296836, 1067.0374692477053, 5.0]], "h": 5.0},